INSERT INTO user(name, email, pass) VALUES('User', 'user@email.com', '$2a$10$sFKmbxbG4ryhwPNx/l3pgOJSt.fW1z6YcUnuE2X8APA/Z3NI/oSpq');
INSERT INTO user(name, email, pass) VALUES('Moderador', 'moderador@email.com', '$2a$10$sFKmbxbG4ryhwPNx/l3pgOJSt.fW1z6YcUnuE2X8APA/Z3NI/oSpq');

INSERT INTO profile(id, name) VALUES(1, 'ROLE_USER');
INSERT INTO profile(id, name) VALUES(2, 'ROLE_MODERADOR');

INSERT INTO user_profiles(user_id, profiles_id) VALUES(1, 1);
INSERT INTO user_profiles(user_id, profiles_id) VALUES(2, 2);

INSERT INTO make(id,name) VALUES (0,'AC Cars');
INSERT INTO make(id,name) VALUES (1,'Acura');
INSERT INTO make(id,name) VALUES (2,'Alfa Romeo');
INSERT INTO make(id,name) VALUES (3,'Asia');
INSERT INTO make(id,name) VALUES (4,'Aston Martin');
INSERT INTO make(id,name) VALUES (5,'Audi');
INSERT INTO make(id,name) VALUES (6,'Bentley');
INSERT INTO make(id,name) VALUES (7,'BMW');
INSERT INTO make(id,name) VALUES (8,'Buggy BRM');
INSERT INTO make(id,name) VALUES (9,'Buick');
INSERT INTO make(id,name) VALUES (10,'Cadillac');
INSERT INTO make(id,name) VALUES (11,'CAOA Chery');
INSERT INTO make(id,name) VALUES (12,'Carver Concept');
INSERT INTO make(id,name) VALUES (13,'Chamonix');
INSERT INTO make(id,name) VALUES (14,'Changan (Chana)');
INSERT INTO make(id,name) VALUES (15,'Chevrolet');
INSERT INTO make(id,name) VALUES (16,'Chrysler');
INSERT INTO make(id,name) VALUES (17,'Citroën');
INSERT INTO make(id,name) VALUES (18,'CN Auto');
INSERT INTO make(id,name) VALUES (19,'Crosslander');
INSERT INTO make(id,name) VALUES (20,'Daewoo');
INSERT INTO make(id,name) VALUES (21,'Daihatsu');
INSERT INTO make(id,name) VALUES (22,'Dodge');
INSERT INTO make(id,name) VALUES (23,'DS');
INSERT INTO make(id,name) VALUES (24,'Effa');
INSERT INTO make(id,name) VALUES (25,'Engesa');
INSERT INTO make(id,name) VALUES (26,'Envemo');
INSERT INTO make(id,name) VALUES (27,'Fargo');
INSERT INTO make(id,name) VALUES (28,'Ferrari');
INSERT INTO make(id,name) VALUES (29,'Fiat');
INSERT INTO make(id,name) VALUES (30,'Ford');
INSERT INTO make(id,name) VALUES (31,'Fyber Buggy');
INSERT INTO make(id,name) VALUES (32,'Geely');
INSERT INTO make(id,name) VALUES (33,'GMC');
INSERT INTO make(id,name) VALUES (34,'Great Wall');
INSERT INTO make(id,name) VALUES (35,'Gurgel');
INSERT INTO make(id,name) VALUES (36,'Hafei Towner');
INSERT INTO make(id,name) VALUES (37,'Haima');
INSERT INTO make(id,name) VALUES (38,'Hitech Electric');
INSERT INTO make(id,name) VALUES (39,'Honda');
INSERT INTO make(id,name) VALUES (40,'Hummer');
INSERT INTO make(id,name) VALUES (41,'Hyundai');
INSERT INTO make(id,name) VALUES (42,'Infiniti');
INSERT INTO make(id,name) VALUES (43,'Isuzu');
INSERT INTO make(id,name) VALUES (44,'Iveco');
INSERT INTO make(id,name) VALUES (45,'Jac');
INSERT INTO make(id,name) VALUES (46,'Jaguar');
INSERT INTO make(id,name) VALUES (47,'Jeep');
INSERT INTO make(id,name) VALUES (48,'Jin Bei');
INSERT INTO make(id,name) VALUES (49,'Jonway');
INSERT INTO make(id,name) VALUES (50,'JPX');
INSERT INTO make(id,name) VALUES (51,'Kia');
INSERT INTO make(id,name) VALUES (52,'Lada');
INSERT INTO make(id,name) VALUES (53,'Lamborghini');
INSERT INTO make(id,name) VALUES (54,'Land Rover');
INSERT INTO make(id,name) VALUES (55,'Landwind');
INSERT INTO make(id,name) VALUES (56,'Lexus');
INSERT INTO make(id,name) VALUES (57,'Lifan');
INSERT INTO make(id,name) VALUES (58,'Lincoln');
INSERT INTO make(id,name) VALUES (59,'Lobini');
INSERT INTO make(id,name) VALUES (60,'Lotus');
INSERT INTO make(id,name) VALUES (61,'Mahindra');
INSERT INTO make(id,name) VALUES (62,'Maserati');
INSERT INTO make(id,name) VALUES (63,'Matra');
INSERT INTO make(id,name) VALUES (64,'Mazda');
INSERT INTO make(id,name) VALUES (65,'McLaren');
INSERT INTO make(id,name) VALUES (66,'Mercedes-Benz');
INSERT INTO make(id,name) VALUES (67,'MG');
INSERT INTO make(id,name) VALUES (68,'MG Spaic');
INSERT INTO make(id,name) VALUES (69,'MINI');
INSERT INTO make(id,name) VALUES (70,'Mitsubishi');
INSERT INTO make(id,name) VALUES (71,'Nissan');
INSERT INTO make(id,name) VALUES (72,'Oldsmobile');
INSERT INTO make(id,name) VALUES (73,'Pagani');
INSERT INTO make(id,name) VALUES (74,'Peugeot');
INSERT INTO make(id,name) VALUES (75,'Plymouth');
INSERT INTO make(id,name) VALUES (76,'Pontiac');
INSERT INTO make(id,name) VALUES (77,'Porsche');
INSERT INTO make(id,name) VALUES (78,'RAM');
INSERT INTO make(id,name) VALUES (79,'Rely');
INSERT INTO make(id,name) VALUES (80,'Renault');
INSERT INTO make(id,name) VALUES (81,'Rolls-Royce');
INSERT INTO make(id,name) VALUES (82,'Saab');
INSERT INTO make(id,name) VALUES (83,'Saturn');
INSERT INTO make(id,name) VALUES (84,'Seat');
INSERT INTO make(id,name) VALUES (85,'Shineray');
INSERT INTO make(id,name) VALUES (86,'Shuanghuan');
INSERT INTO make(id,name) VALUES (87,'Smart');
INSERT INTO make(id,name) VALUES (88,'Spyker');
INSERT INTO make(id,name) VALUES (89,'SsangYong');
INSERT INTO make(id,name) VALUES (90,'Subaru');
INSERT INTO make(id,name) VALUES (91,'Sunbeam');
INSERT INTO make(id,name) VALUES (92,'Suzuki');
INSERT INTO make(id,name) VALUES (93,'Tac');
INSERT INTO make(id,name) VALUES (94,'Tesla');
INSERT INTO make(id,name) VALUES (95,'Toyota');
INSERT INTO make(id,name) VALUES (96,'Troller');
INSERT INTO make(id,name) VALUES (97,'Volkswagen');
INSERT INTO make(id,name) VALUES (98,'Volvo');

INSERT INTO model(id,make_id,name) VALUES (0,0,'AC Cobra');
INSERT INTO model(id,make_id,name) VALUES (1,1,'Integra Coupe');
INSERT INTO model(id,make_id,name) VALUES (2,1,'Legend Sedan');
INSERT INTO model(id,make_id,name) VALUES (3,1,'RDX');
INSERT INTO model(id,make_id,name) VALUES (4,2,'145');
INSERT INTO model(id,make_id,name) VALUES (5,2,'147');
INSERT INTO model(id,make_id,name) VALUES (6,2,'155');
INSERT INTO model(id,make_id,name) VALUES (7,2,'156');
INSERT INTO model(id,make_id,name) VALUES (8,2,'156 Sportwagon');
INSERT INTO model(id,make_id,name) VALUES (9,2,'164');
INSERT INTO model(id,make_id,name) VALUES (10,2,'166');
INSERT INTO model(id,make_id,name) VALUES (11,2,'2300');
INSERT INTO model(id,make_id,name) VALUES (12,2,'2300B');
INSERT INTO model(id,make_id,name) VALUES (13,2,'Spider');
INSERT INTO model(id,make_id,name) VALUES (14,3,'Galloper II');
INSERT INTO model(id,make_id,name) VALUES (15,3,'Hi-Topic');
INSERT INTO model(id,make_id,name) VALUES (16,3,'Jeep Rocsta');
INSERT INTO model(id,make_id,name) VALUES (17,3,'Topic');
INSERT INTO model(id,make_id,name) VALUES (18,3,'Towner');
INSERT INTO model(id,make_id,name) VALUES (19,3,'Towner Pick-Up/Truck');
INSERT INTO model(id,make_id,name) VALUES (20,4,'DB9');
INSERT INTO model(id,make_id,name) VALUES (21,4,'DBS');
INSERT INTO model(id,make_id,name) VALUES (22,4,'Rapide');
INSERT INTO model(id,make_id,name) VALUES (23,4,'Vanquish');
INSERT INTO model(id,make_id,name) VALUES (24,4,'Vantage');
INSERT INTO model(id,make_id,name) VALUES (25,4,'Virage');
INSERT INTO model(id,make_id,name) VALUES (26,5,'100');
INSERT INTO model(id,make_id,name) VALUES (27,5,'100 Avant');
INSERT INTO model(id,make_id,name) VALUES (28,5,'80');
INSERT INTO model(id,make_id,name) VALUES (29,5,'80 Avant');
INSERT INTO model(id,make_id,name) VALUES (30,5,'80 Cabriolet');
INSERT INTO model(id,make_id,name) VALUES (31,5,'A1');
INSERT INTO model(id,make_id,name) VALUES (32,5,'A3');
INSERT INTO model(id,make_id,name) VALUES (33,5,'A3 Cabriolet');
INSERT INTO model(id,make_id,name) VALUES (34,5,'A3 Sedan');
INSERT INTO model(id,make_id,name) VALUES (35,5,'A4');
INSERT INTO model(id,make_id,name) VALUES (36,5,'A4 Avant');
INSERT INTO model(id,make_id,name) VALUES (37,5,'A4 Cabriolet');
INSERT INTO model(id,make_id,name) VALUES (38,5,'A5');
INSERT INTO model(id,make_id,name) VALUES (39,5,'A6');
INSERT INTO model(id,make_id,name) VALUES (40,5,'A6 Avant');
INSERT INTO model(id,make_id,name) VALUES (41,5,'A7');
INSERT INTO model(id,make_id,name) VALUES (42,5,'A8');
INSERT INTO model(id,make_id,name) VALUES (43,5,'Allroad Avant');
INSERT INTO model(id,make_id,name) VALUES (44,5,'E-tron');
INSERT INTO model(id,make_id,name) VALUES (45,5,'Q3');
INSERT INTO model(id,make_id,name) VALUES (46,5,'Q5');
INSERT INTO model(id,make_id,name) VALUES (47,5,'Q7');
INSERT INTO model(id,make_id,name) VALUES (48,5,'Q8');
INSERT INTO model(id,make_id,name) VALUES (49,5,'R8');
INSERT INTO model(id,make_id,name) VALUES (50,5,'RS2 Avant');
INSERT INTO model(id,make_id,name) VALUES (51,5,'RS3');
INSERT INTO model(id,make_id,name) VALUES (52,5,'RS3 Sedan');
INSERT INTO model(id,make_id,name) VALUES (53,5,'RS4');
INSERT INTO model(id,make_id,name) VALUES (54,5,'RS4 Avant');
INSERT INTO model(id,make_id,name) VALUES (55,5,'RS5');
INSERT INTO model(id,make_id,name) VALUES (56,5,'RS6');
INSERT INTO model(id,make_id,name) VALUES (57,5,'RS6 Avant');
INSERT INTO model(id,make_id,name) VALUES (58,5,'RS7');
INSERT INTO model(id,make_id,name) VALUES (59,5,'RS e-tron');
INSERT INTO model(id,make_id,name) VALUES (60,5,'RS Q3');
INSERT INTO model(id,make_id,name) VALUES (61,5,'RS Q8');
INSERT INTO model(id,make_id,name) VALUES (62,5,'S3');
INSERT INTO model(id,make_id,name) VALUES (63,5,'S3 Sedan');
INSERT INTO model(id,make_id,name) VALUES (64,5,'S4');
INSERT INTO model(id,make_id,name) VALUES (65,5,'S4 Avant');
INSERT INTO model(id,make_id,name) VALUES (66,5,'S5');
INSERT INTO model(id,make_id,name) VALUES (67,5,'S6');
INSERT INTO model(id,make_id,name) VALUES (68,5,'S6 Avant');
INSERT INTO model(id,make_id,name) VALUES (69,5,'S7');
INSERT INTO model(id,make_id,name) VALUES (70,5,'S8');
INSERT INTO model(id,make_id,name) VALUES (71,5,'SQ5');
INSERT INTO model(id,make_id,name) VALUES (72,5,'TT');
INSERT INTO model(id,make_id,name) VALUES (73,5,'TT RS');
INSERT INTO model(id,make_id,name) VALUES (74,5,'TTS');
INSERT INTO model(id,make_id,name) VALUES (75,6,'Continental Flying Spur');
INSERT INTO model(id,make_id,name) VALUES (76,6,'Continental GT');
INSERT INTO model(id,make_id,name) VALUES (77,6,'Continental GTC');
INSERT INTO model(id,make_id,name) VALUES (78,6,'Continental Supersports');
INSERT INTO model(id,make_id,name) VALUES (79,6,'Mulsanne');
INSERT INTO model(id,make_id,name) VALUES (80,7,'1M');
INSERT INTO model(id,make_id,name) VALUES (81,7,'2800');
INSERT INTO model(id,make_id,name) VALUES (82,7,'I3');
INSERT INTO model(id,make_id,name) VALUES (83,7,'I8');
INSERT INTO model(id,make_id,name) VALUES (84,7,'iX');
INSERT INTO model(id,make_id,name) VALUES (85,7,'Ix3');
INSERT INTO model(id,make_id,name) VALUES (86,7,'M2');
INSERT INTO model(id,make_id,name) VALUES (87,7,'M3');
INSERT INTO model(id,make_id,name) VALUES (88,7,'M3 Cabrio');
INSERT INTO model(id,make_id,name) VALUES (89,7,'M3 Sedan');
INSERT INTO model(id,make_id,name) VALUES (90,7,'M4');
INSERT INTO model(id,make_id,name) VALUES (91,7,'M5');
INSERT INTO model(id,make_id,name) VALUES (92,7,'M5 Touring');
INSERT INTO model(id,make_id,name) VALUES (93,7,'M6');
INSERT INTO model(id,make_id,name) VALUES (94,7,'M8');
INSERT INTO model(id,make_id,name) VALUES (95,7,'Série 1');
INSERT INTO model(id,make_id,name) VALUES (96,7,'Série 1 Cabrio');
INSERT INTO model(id,make_id,name) VALUES (97,7,'Série 1 Coupé');
INSERT INTO model(id,make_id,name) VALUES (98,7,'Série 2');
INSERT INTO model(id,make_id,name) VALUES (99,7,'Série 3');
INSERT INTO model(id,make_id,name) VALUES (100,7,'Série 3 Cabrio');
INSERT INTO model(id,make_id,name) VALUES (101,7,'Série 3 Compact');
INSERT INTO model(id,make_id,name) VALUES (102,7,'Série 3 Coupé');
INSERT INTO model(id,make_id,name) VALUES (103,7,'Série 3 Touring');
INSERT INTO model(id,make_id,name) VALUES (104,7,'Série 4');
INSERT INTO model(id,make_id,name) VALUES (105,7,'Série 5');
INSERT INTO model(id,make_id,name) VALUES (106,7,'Série 5 Touring');
INSERT INTO model(id,make_id,name) VALUES (107,7,'Série 6');
INSERT INTO model(id,make_id,name) VALUES (108,7,'Série 6 Cabrio');
INSERT INTO model(id,make_id,name) VALUES (109,7,'Série 6 Gran Coupé');
INSERT INTO model(id,make_id,name) VALUES (110,7,'Série 7');
INSERT INTO model(id,make_id,name) VALUES (111,7,'Série 8');
INSERT INTO model(id,make_id,name) VALUES (112,7,'X1');
INSERT INTO model(id,make_id,name) VALUES (113,7,'X2');
INSERT INTO model(id,make_id,name) VALUES (114,7,'X3');
INSERT INTO model(id,make_id,name) VALUES (115,7,'X4');
INSERT INTO model(id,make_id,name) VALUES (116,7,'X5');
INSERT INTO model(id,make_id,name) VALUES (117,7,'X6');
INSERT INTO model(id,make_id,name) VALUES (118,7,'X7');
INSERT INTO model(id,make_id,name) VALUES (119,7,'Z3');
INSERT INTO model(id,make_id,name) VALUES (120,7,'Z4 Coupé');
INSERT INTO model(id,make_id,name) VALUES (121,7,'Z4 Roadster');
INSERT INTO model(id,make_id,name) VALUES (122,7,'Z8');
INSERT INTO model(id,make_id,name) VALUES (123,8,'Buggy BRM');
INSERT INTO model(id,make_id,name) VALUES (124,9,'Buick');
INSERT INTO model(id,make_id,name) VALUES (125,9,'Century');
INSERT INTO model(id,make_id,name) VALUES (126,9,'Enclave');
INSERT INTO model(id,make_id,name) VALUES (127,10,'CTS');
INSERT INTO model(id,make_id,name) VALUES (128,10,'DeVille');
INSERT INTO model(id,make_id,name) VALUES (129,10,'Escalade');
INSERT INTO model(id,make_id,name) VALUES (130,10,'Fleetwood');
INSERT INTO model(id,make_id,name) VALUES (131,10,'SRX');
INSERT INTO model(id,make_id,name) VALUES (132,10,'STS');
INSERT INTO model(id,make_id,name) VALUES (133,10,'XLR');
INSERT INTO model(id,make_id,name) VALUES (134,11,'Arrizo5');
INSERT INTO model(id,make_id,name) VALUES (135,11,'Arrizo6');
INSERT INTO model(id,make_id,name) VALUES (136,11,'Celer');
INSERT INTO model(id,make_id,name) VALUES (137,11,'Cielo Hatch');
INSERT INTO model(id,make_id,name) VALUES (138,11,'Cielo Sedan');
INSERT INTO model(id,make_id,name) VALUES (139,11,'Face');
INSERT INTO model(id,make_id,name) VALUES (140,11,'iCar');
INSERT INTO model(id,make_id,name) VALUES (141,11,'QQ');
INSERT INTO model(id,make_id,name) VALUES (142,11,'S 18');
INSERT INTO model(id,make_id,name) VALUES (143,11,'Tiggo');
INSERT INTO model(id,make_id,name) VALUES (144,11,'Tiggo 2');
INSERT INTO model(id,make_id,name) VALUES (145,11,'Tiggo 3X');
INSERT INTO model(id,make_id,name) VALUES (146,11,'Tiggo 5X');
INSERT INTO model(id,make_id,name) VALUES (147,11,'Tiggo 7');
INSERT INTO model(id,make_id,name) VALUES (148,11,'Tiggo 8');
INSERT INTO model(id,make_id,name) VALUES (149,12,'Carver One');
INSERT INTO model(id,make_id,name) VALUES (150,13,'Speedster');
INSERT INTO model(id,make_id,name) VALUES (151,13,'Spyder 550');
INSERT INTO model(id,make_id,name) VALUES (152,13,'Super 90');
INSERT INTO model(id,make_id,name) VALUES (153,14,'Cargo');
INSERT INTO model(id,make_id,name) VALUES (154,14,'Family');
INSERT INTO model(id,make_id,name) VALUES (155,14,'MiniStar');
INSERT INTO model(id,make_id,name) VALUES (156,14,'Utility');
INSERT INTO model(id,make_id,name) VALUES (157,15,'A10');
INSERT INTO model(id,make_id,name) VALUES (158,15,'A20');
INSERT INTO model(id,make_id,name) VALUES (159,15,'Agile');
INSERT INTO model(id,make_id,name) VALUES (160,15,'Astra Hatch');
INSERT INTO model(id,make_id,name) VALUES (161,15,'Astra Sedan');
INSERT INTO model(id,make_id,name) VALUES (162,15,'Astra Wagon');
INSERT INTO model(id,make_id,name) VALUES (163,15,'Astrovan');
INSERT INTO model(id,make_id,name) VALUES (164,15,'Bel Air');
INSERT INTO model(id,make_id,name) VALUES (165,15,'Blazer');
INSERT INTO model(id,make_id,name) VALUES (166,15,'Bolt EV');
INSERT INTO model(id,make_id,name) VALUES (167,15,'Bonanza');
INSERT INTO model(id,make_id,name) VALUES (168,15,'Brasil');
INSERT INTO model(id,make_id,name) VALUES (169,15,'Brasinca');
INSERT INTO model(id,make_id,name) VALUES (170,15,'C10');
INSERT INTO model(id,make_id,name) VALUES (171,15,'C14');
INSERT INTO model(id,make_id,name) VALUES (172,15,'C20');
INSERT INTO model(id,make_id,name) VALUES (173,15,'Calibra Coupe');
INSERT INTO model(id,make_id,name) VALUES (174,15,'Camaro');
INSERT INTO model(id,make_id,name) VALUES (175,15,'Caprice Sedan');
INSERT INTO model(id,make_id,name) VALUES (176,15,'Caprice Wagon');
INSERT INTO model(id,make_id,name) VALUES (177,15,'Captiva');
INSERT INTO model(id,make_id,name) VALUES (178,15,'Caravan');
INSERT INTO model(id,make_id,name) VALUES (179,15,'Cavalier');
INSERT INTO model(id,make_id,name) VALUES (180,15,'Celta');
INSERT INTO model(id,make_id,name) VALUES (181,15,'Chevette Hatch');
INSERT INTO model(id,make_id,name) VALUES (182,15,'Chevette Sedan');
INSERT INTO model(id,make_id,name) VALUES (183,15,'Chevy 500');
INSERT INTO model(id,make_id,name) VALUES (184,15,'Cheyenne');
INSERT INTO model(id,make_id,name) VALUES (185,15,'Classic');
INSERT INTO model(id,make_id,name) VALUES (186,15,'Cobalt');
INSERT INTO model(id,make_id,name) VALUES (187,15,'Colorado');
INSERT INTO model(id,make_id,name) VALUES (188,15,'Corsa Hatch');
INSERT INTO model(id,make_id,name) VALUES (189,15,'Corsa Pick-Up');
INSERT INTO model(id,make_id,name) VALUES (190,15,'Corsa Sedan');
INSERT INTO model(id,make_id,name) VALUES (191,15,'Corsa Wagon');
INSERT INTO model(id,make_id,name) VALUES (192,15,'Corsica Sedan');
INSERT INTO model(id,make_id,name) VALUES (193,15,'Corvette');
INSERT INTO model(id,make_id,name) VALUES (194,15,'Cruze');
INSERT INTO model(id,make_id,name) VALUES (195,15,'Cruze Sport6');
INSERT INTO model(id,make_id,name) VALUES (196,15,'D10');
INSERT INTO model(id,make_id,name) VALUES (197,15,'D20');
INSERT INTO model(id,make_id,name) VALUES (198,15,'Equinox');
INSERT INTO model(id,make_id,name) VALUES (199,15,'Grand Blazer');
INSERT INTO model(id,make_id,name) VALUES (200,15,'HHR');
INSERT INTO model(id,make_id,name) VALUES (201,15,'Impala');
INSERT INTO model(id,make_id,name) VALUES (202,15,'Ipanema');
INSERT INTO model(id,make_id,name) VALUES (203,15,'Joy');
INSERT INTO model(id,make_id,name) VALUES (204,15,'Joy Plus');
INSERT INTO model(id,make_id,name) VALUES (205,15,'Kadett');
INSERT INTO model(id,make_id,name) VALUES (206,15,'Kadett Conversivel');
INSERT INTO model(id,make_id,name) VALUES (207,15,'Lumina APV');
INSERT INTO model(id,make_id,name) VALUES (208,15,'Lumina Sedan');
INSERT INTO model(id,make_id,name) VALUES (209,15,'Malibu');
INSERT INTO model(id,make_id,name) VALUES (210,15,'Marajo');
INSERT INTO model(id,make_id,name) VALUES (211,15,'Meriva');
INSERT INTO model(id,make_id,name) VALUES (212,15,'Montana');
INSERT INTO model(id,make_id,name) VALUES (213,15,'Montana Combo');
INSERT INTO model(id,make_id,name) VALUES (214,15,'Monza');
INSERT INTO model(id,make_id,name) VALUES (215,15,'Monza Hatch');
INSERT INTO model(id,make_id,name) VALUES (216,15,'Omega');
INSERT INTO model(id,make_id,name) VALUES (217,15,'Onix');
INSERT INTO model(id,make_id,name) VALUES (218,15,'Onix Plus');
INSERT INTO model(id,make_id,name) VALUES (219,15,'Opala');
INSERT INTO model(id,make_id,name) VALUES (220,15,'Opala Coupe');
INSERT INTO model(id,make_id,name) VALUES (221,15,'Pick Up Chevrolet');
INSERT INTO model(id,make_id,name) VALUES (222,15,'Prisma');
INSERT INTO model(id,make_id,name) VALUES (223,15,'S10 Cabine Dupla');
INSERT INTO model(id,make_id,name) VALUES (224,15,'S10 Cabine Simples');
INSERT INTO model(id,make_id,name) VALUES (225,15,'Silverado');
INSERT INTO model(id,make_id,name) VALUES (226,15,'Sonic');
INSERT INTO model(id,make_id,name) VALUES (227,15,'Sonic Sedan');
INSERT INTO model(id,make_id,name) VALUES (228,15,'Space Van');
INSERT INTO model(id,make_id,name) VALUES (229,15,'Spin');
INSERT INTO model(id,make_id,name) VALUES (230,15,'SS10');
INSERT INTO model(id,make_id,name) VALUES (231,15,'SSR');
INSERT INTO model(id,make_id,name) VALUES (232,15,'Suburban');
INSERT INTO model(id,make_id,name) VALUES (233,15,'Suprema');
INSERT INTO model(id,make_id,name) VALUES (234,15,'Tigra');
INSERT INTO model(id,make_id,name) VALUES (235,15,'Tracker');
INSERT INTO model(id,make_id,name) VALUES (236,15,'Trafic');
INSERT INTO model(id,make_id,name) VALUES (237,15,'TrailBlazer');
INSERT INTO model(id,make_id,name) VALUES (238,15,'Vectra');
INSERT INTO model(id,make_id,name) VALUES (239,15,'Vectra GT');
INSERT INTO model(id,make_id,name) VALUES (240,15,'Veraneio');
INSERT INTO model(id,make_id,name) VALUES (241,15,'Zafira');
INSERT INTO model(id,make_id,name) VALUES (242,16,'300C');
INSERT INTO model(id,make_id,name) VALUES (243,16,'300C Touring');
INSERT INTO model(id,make_id,name) VALUES (244,16,'300M');
INSERT INTO model(id,make_id,name) VALUES (245,16,'Caravan');
INSERT INTO model(id,make_id,name) VALUES (246,16,'Cirrus');
INSERT INTO model(id,make_id,name) VALUES (247,16,'Crossfire');
INSERT INTO model(id,make_id,name) VALUES (248,16,'Grand Caravan');
INSERT INTO model(id,make_id,name) VALUES (249,16,'Le Baron');
INSERT INTO model(id,make_id,name) VALUES (250,16,'Neon');
INSERT INTO model(id,make_id,name) VALUES (251,16,'Pacifica');
INSERT INTO model(id,make_id,name) VALUES (252,16,'PT Cruiser');
INSERT INTO model(id,make_id,name) VALUES (253,16,'PT Cruiser Cabriolet');
INSERT INTO model(id,make_id,name) VALUES (254,16,'Sebring');
INSERT INTO model(id,make_id,name) VALUES (255,16,'Stratus');
INSERT INTO model(id,make_id,name) VALUES (256,16,'Town & Country');
INSERT INTO model(id,make_id,name) VALUES (257,16,'Vision');
INSERT INTO model(id,make_id,name) VALUES (258,17,'Aircross');
INSERT INTO model(id,make_id,name) VALUES (259,17,'AX');
INSERT INTO model(id,make_id,name) VALUES (260,17,'Berlingo');
INSERT INTO model(id,make_id,name) VALUES (261,17,'BX');
INSERT INTO model(id,make_id,name) VALUES (262,17,'C3');
INSERT INTO model(id,make_id,name) VALUES (263,17,'C3 Picasso');
INSERT INTO model(id,make_id,name) VALUES (264,17,'C4');
INSERT INTO model(id,make_id,name) VALUES (265,17,'C4 Cactus');
INSERT INTO model(id,make_id,name) VALUES (266,17,'C4 Lounge');
INSERT INTO model(id,make_id,name) VALUES (267,17,'C4 Pallas');
INSERT INTO model(id,make_id,name) VALUES (268,17,'C4 Picasso');
INSERT INTO model(id,make_id,name) VALUES (269,17,'C4 VTR');
INSERT INTO model(id,make_id,name) VALUES (270,17,'C5');
INSERT INTO model(id,make_id,name) VALUES (271,17,'C5 Break');
INSERT INTO model(id,make_id,name) VALUES (272,17,'C5 Tourer');
INSERT INTO model(id,make_id,name) VALUES (273,17,'C6');
INSERT INTO model(id,make_id,name) VALUES (274,17,'C8');
INSERT INTO model(id,make_id,name) VALUES (275,17,'DS3');
INSERT INTO model(id,make_id,name) VALUES (276,17,'DS4');
INSERT INTO model(id,make_id,name) VALUES (277,17,'DS5');
INSERT INTO model(id,make_id,name) VALUES (278,17,'Evasion');
INSERT INTO model(id,make_id,name) VALUES (279,17,'Grand C4 Picasso');
INSERT INTO model(id,make_id,name) VALUES (280,17,'Jumper');
INSERT INTO model(id,make_id,name) VALUES (281,17,'Jumpy');
INSERT INTO model(id,make_id,name) VALUES (282,17,'Xantia');
INSERT INTO model(id,make_id,name) VALUES (283,17,'Xantia Break');
INSERT INTO model(id,make_id,name) VALUES (284,17,'XM');
INSERT INTO model(id,make_id,name) VALUES (285,17,'XM Break');
INSERT INTO model(id,make_id,name) VALUES (286,17,'Xsara');
INSERT INTO model(id,make_id,name) VALUES (287,17,'Xsara Break');
INSERT INTO model(id,make_id,name) VALUES (288,17,'Xsara Coupe');
INSERT INTO model(id,make_id,name) VALUES (289,17,'Xsara Picasso');
INSERT INTO model(id,make_id,name) VALUES (290,17,'ZX');
INSERT INTO model(id,make_id,name) VALUES (291,18,'Towner');
INSERT INTO model(id,make_id,name) VALUES (292,19,'CL 4x4');
INSERT INTO model(id,make_id,name) VALUES (293,20,'Espero');
INSERT INTO model(id,make_id,name) VALUES (294,20,'Lanos Hatch');
INSERT INTO model(id,make_id,name) VALUES (295,20,'Lanos Sedan');
INSERT INTO model(id,make_id,name) VALUES (296,20,'Leganza');
INSERT INTO model(id,make_id,name) VALUES (297,20,'Nubira Sedan');
INSERT INTO model(id,make_id,name) VALUES (298,20,'Nubira Wagon');
INSERT INTO model(id,make_id,name) VALUES (299,20,'Prince');
INSERT INTO model(id,make_id,name) VALUES (300,20,'Racer');
INSERT INTO model(id,make_id,name) VALUES (301,20,'Super Salon');
INSERT INTO model(id,make_id,name) VALUES (302,20,'Tico');
INSERT INTO model(id,make_id,name) VALUES (303,21,'Applause');
INSERT INTO model(id,make_id,name) VALUES (304,21,'Charade');
INSERT INTO model(id,make_id,name) VALUES (305,21,'Cuore');
INSERT INTO model(id,make_id,name) VALUES (306,21,'Feroza');
INSERT INTO model(id,make_id,name) VALUES (307,21,'Move');
INSERT INTO model(id,make_id,name) VALUES (308,21,'Terios');
INSERT INTO model(id,make_id,name) VALUES (309,22,'Avenger');
INSERT INTO model(id,make_id,name) VALUES (310,22,'Caliber');
INSERT INTO model(id,make_id,name) VALUES (311,22,'Challenger');
INSERT INTO model(id,make_id,name) VALUES (312,22,'Charger');
INSERT INTO model(id,make_id,name) VALUES (313,22,'Dakota');
INSERT INTO model(id,make_id,name) VALUES (314,22,'Dart');
INSERT INTO model(id,make_id,name) VALUES (315,22,'Durango');
INSERT INTO model(id,make_id,name) VALUES (316,22,'Intrepid');
INSERT INTO model(id,make_id,name) VALUES (317,22,'Journey');
INSERT INTO model(id,make_id,name) VALUES (318,22,'Lebaron');
INSERT INTO model(id,make_id,name) VALUES (319,22,'Magnum');
INSERT INTO model(id,make_id,name) VALUES (320,22,'Nitro');
INSERT INTO model(id,make_id,name) VALUES (321,22,'Polara');
INSERT INTO model(id,make_id,name) VALUES (322,22,'Ram Pickup');
INSERT INTO model(id,make_id,name) VALUES (323,22,'Stealth');
INSERT INTO model(id,make_id,name) VALUES (324,22,'Viper');
INSERT INTO model(id,make_id,name) VALUES (325,23,'DS 3');
INSERT INTO model(id,make_id,name) VALUES (326,23,'DS 4');
INSERT INTO model(id,make_id,name) VALUES (327,23,'DS 5');
INSERT INTO model(id,make_id,name) VALUES (328,24,'Hafei Zhongyi Furgão');
INSERT INTO model(id,make_id,name) VALUES (329,24,'Hafei Zhongyi Picape');
INSERT INTO model(id,make_id,name) VALUES (330,24,'Hafei Zhongyi Start');
INSERT INTO model(id,make_id,name) VALUES (331,24,'Hafei Zhongyi Van');
INSERT INTO model(id,make_id,name) VALUES (332,24,'K01');
INSERT INTO model(id,make_id,name) VALUES (333,24,'K02');
INSERT INTO model(id,make_id,name) VALUES (334,24,'M100');
INSERT INTO model(id,make_id,name) VALUES (335,24,'Plutus');
INSERT INTO model(id,make_id,name) VALUES (336,24,'V21');
INSERT INTO model(id,make_id,name) VALUES (337,24,'V22');
INSERT INTO model(id,make_id,name) VALUES (338,24,'V25');
INSERT INTO model(id,make_id,name) VALUES (339,25,'Jipe');
INSERT INTO model(id,make_id,name) VALUES (340,26,'Camper');
INSERT INTO model(id,make_id,name) VALUES (341,26,'Master');
INSERT INTO model(id,make_id,name) VALUES (342,26,'Super 90');
INSERT INTO model(id,make_id,name) VALUES (343,27,'D108');
INSERT INTO model(id,make_id,name) VALUES (344,28,'348');
INSERT INTO model(id,make_id,name) VALUES (345,28,'360');
INSERT INTO model(id,make_id,name) VALUES (346,28,'456');
INSERT INTO model(id,make_id,name) VALUES (347,28,'458 Italia');
INSERT INTO model(id,make_id,name) VALUES (348,28,'488 GTB');
INSERT INTO model(id,make_id,name) VALUES (349,28,'512');
INSERT INTO model(id,make_id,name) VALUES (350,28,'550 Maranello');
INSERT INTO model(id,make_id,name) VALUES (351,28,'575M Maranello');
INSERT INTO model(id,make_id,name) VALUES (352,28,'599');
INSERT INTO model(id,make_id,name) VALUES (353,28,'612');
INSERT INTO model(id,make_id,name) VALUES (354,28,'812');
INSERT INTO model(id,make_id,name) VALUES (355,28,'Califórnia');
INSERT INTO model(id,make_id,name) VALUES (356,28,'Enzo');
INSERT INTO model(id,make_id,name) VALUES (357,28,'F12 Berlinetta');
INSERT INTO model(id,make_id,name) VALUES (358,28,'F355');
INSERT INTO model(id,make_id,name) VALUES (359,28,'F40');
INSERT INTO model(id,make_id,name) VALUES (360,28,'F430');
INSERT INTO model(id,make_id,name) VALUES (361,28,'F50');
INSERT INTO model(id,make_id,name) VALUES (362,28,'F512');
INSERT INTO model(id,make_id,name) VALUES (363,28,'F8');
INSERT INTO model(id,make_id,name) VALUES (364,28,'FF');
INSERT INTO model(id,make_id,name) VALUES (365,28,'Portofino');
INSERT INTO model(id,make_id,name) VALUES (366,28,'Roma');
INSERT INTO model(id,make_id,name) VALUES (367,28,'SF90');
INSERT INTO model(id,make_id,name) VALUES (368,29,'147');
INSERT INTO model(id,make_id,name) VALUES (369,29,'147 Furgao');
INSERT INTO model(id,make_id,name) VALUES (370,29,'147 Pick-Up');
INSERT INTO model(id,make_id,name) VALUES (371,29,'500');
INSERT INTO model(id,make_id,name) VALUES (372,29,'Argo');
INSERT INTO model(id,make_id,name) VALUES (373,29,'Brava');
INSERT INTO model(id,make_id,name) VALUES (374,29,'Bravo');
INSERT INTO model(id,make_id,name) VALUES (375,29,'Cinquecento');
INSERT INTO model(id,make_id,name) VALUES (376,29,'Coupe');
INSERT INTO model(id,make_id,name) VALUES (377,29,'Cronos');
INSERT INTO model(id,make_id,name) VALUES (378,29,'Doblò');
INSERT INTO model(id,make_id,name) VALUES (379,29,'Doblò Cargo');
INSERT INTO model(id,make_id,name) VALUES (380,29,'Ducato');
INSERT INTO model(id,make_id,name) VALUES (381,29,'Duna');
INSERT INTO model(id,make_id,name) VALUES (382,29,'Elba');
INSERT INTO model(id,make_id,name) VALUES (383,29,'Fastback');
INSERT INTO model(id,make_id,name) VALUES (384,29,'Fiorino');
INSERT INTO model(id,make_id,name) VALUES (385,29,'Fiorino Pick-Up');
INSERT INTO model(id,make_id,name) VALUES (386,29,'Freemont');
INSERT INTO model(id,make_id,name) VALUES (387,29,'Grand Siena');
INSERT INTO model(id,make_id,name) VALUES (388,29,'Idea');
INSERT INTO model(id,make_id,name) VALUES (389,29,'Linea');
INSERT INTO model(id,make_id,name) VALUES (390,29,'Marea');
INSERT INTO model(id,make_id,name) VALUES (391,29,'Marea Weekend');
INSERT INTO model(id,make_id,name) VALUES (392,29,'Mobi');
INSERT INTO model(id,make_id,name) VALUES (393,29,'Oggi');
INSERT INTO model(id,make_id,name) VALUES (394,29,'Palio');
INSERT INTO model(id,make_id,name) VALUES (395,29,'Palio Weekend');
INSERT INTO model(id,make_id,name) VALUES (396,29,'Panorama');
INSERT INTO model(id,make_id,name) VALUES (397,29,'Premio');
INSERT INTO model(id,make_id,name) VALUES (398,29,'Pulse');
INSERT INTO model(id,make_id,name) VALUES (399,29,'Punto');
INSERT INTO model(id,make_id,name) VALUES (400,29,'Punto Cabrio');
INSERT INTO model(id,make_id,name) VALUES (401,29,'Scudo');
INSERT INTO model(id,make_id,name) VALUES (402,29,'Siena');
INSERT INTO model(id,make_id,name) VALUES (403,29,'Stilo');
INSERT INTO model(id,make_id,name) VALUES (404,29,'Strada');
INSERT INTO model(id,make_id,name) VALUES (405,29,'Tempra');
INSERT INTO model(id,make_id,name) VALUES (406,29,'Tipo');
INSERT INTO model(id,make_id,name) VALUES (407,29,'Toro');
INSERT INTO model(id,make_id,name) VALUES (408,29,'Uno');
INSERT INTO model(id,make_id,name) VALUES (409,29,'Uno Furgão');
INSERT INTO model(id,make_id,name) VALUES (410,29,'Uno Mille');
INSERT INTO model(id,make_id,name) VALUES (411,29,'Uno Pick-Up');
INSERT INTO model(id,make_id,name) VALUES (412,29,'Weekend');
INSERT INTO model(id,make_id,name) VALUES (413,30,'Aerostar');
INSERT INTO model(id,make_id,name) VALUES (414,30,'Aspire');
INSERT INTO model(id,make_id,name) VALUES (415,30,'Belina');
INSERT INTO model(id,make_id,name) VALUES (416,30,'Bronco');
INSERT INTO model(id,make_id,name) VALUES (417,30,'Club Wagon');
INSERT INTO model(id,make_id,name) VALUES (418,30,'Contour');
INSERT INTO model(id,make_id,name) VALUES (419,30,'Corcel');
INSERT INTO model(id,make_id,name) VALUES (420,30,'Coupe Deluxe');
INSERT INTO model(id,make_id,name) VALUES (421,30,'Courier');
INSERT INTO model(id,make_id,name) VALUES (422,30,'Courier Van');
INSERT INTO model(id,make_id,name) VALUES (423,30,'Crown Victoria');
INSERT INTO model(id,make_id,name) VALUES (424,30,'Del Rey');
INSERT INTO model(id,make_id,name) VALUES (425,30,'Del Rey Belina / Scala');
INSERT INTO model(id,make_id,name) VALUES (426,30,'EcoSport');
INSERT INTO model(id,make_id,name) VALUES (427,30,'Edge');
INSERT INTO model(id,make_id,name) VALUES (428,30,'Escape');
INSERT INTO model(id,make_id,name) VALUES (429,30,'Escort');
INSERT INTO model(id,make_id,name) VALUES (430,30,'Escort Conversivel');
INSERT INTO model(id,make_id,name) VALUES (431,30,'Escort Sedan');
INSERT INTO model(id,make_id,name) VALUES (432,30,'Escort SW');
INSERT INTO model(id,make_id,name) VALUES (433,30,'Excursion');
INSERT INTO model(id,make_id,name) VALUES (434,30,'Expedition');
INSERT INTO model(id,make_id,name) VALUES (435,30,'Explorer');
INSERT INTO model(id,make_id,name) VALUES (436,30,'F-1');
INSERT INTO model(id,make_id,name) VALUES (437,30,'F-100');
INSERT INTO model(id,make_id,name) VALUES (438,30,'F-1000');
INSERT INTO model(id,make_id,name) VALUES (439,30,'F-150');
INSERT INTO model(id,make_id,name) VALUES (440,30,'F-250');
INSERT INTO model(id,make_id,name) VALUES (441,30,'F-350');
INSERT INTO model(id,make_id,name) VALUES (442,30,'F-4000');
INSERT INTO model(id,make_id,name) VALUES (443,30,'F75');
INSERT INTO model(id,make_id,name) VALUES (444,30,'Fairlane');
INSERT INTO model(id,make_id,name) VALUES (445,30,'Fiesta Hatch');
INSERT INTO model(id,make_id,name) VALUES (446,30,'Fiesta Sedan');
INSERT INTO model(id,make_id,name) VALUES (447,30,'Focus Hatch');
INSERT INTO model(id,make_id,name) VALUES (448,30,'Focus Sedan');
INSERT INTO model(id,make_id,name) VALUES (449,30,'Ford 1929');
INSERT INTO model(id,make_id,name) VALUES (450,30,'Furglaine');
INSERT INTO model(id,make_id,name) VALUES (451,30,'Fusion');
INSERT INTO model(id,make_id,name) VALUES (452,30,'Galaxie');
INSERT INTO model(id,make_id,name) VALUES (453,30,'GT');
INSERT INTO model(id,make_id,name) VALUES (454,30,'Ibiza');
INSERT INTO model(id,make_id,name) VALUES (455,30,'Jeep Willys');
INSERT INTO model(id,make_id,name) VALUES (456,30,'Ka');
INSERT INTO model(id,make_id,name) VALUES (457,30,'Ka Sedan');
INSERT INTO model(id,make_id,name) VALUES (458,30,'Landau');
INSERT INTO model(id,make_id,name) VALUES (459,30,'Lincoln');
INSERT INTO model(id,make_id,name) VALUES (460,30,'Maverick');
INSERT INTO model(id,make_id,name) VALUES (461,30,'Mondeo');
INSERT INTO model(id,make_id,name) VALUES (462,30,'Mondeo Wagon');
INSERT INTO model(id,make_id,name) VALUES (463,30,'Mustang');
INSERT INTO model(id,make_id,name) VALUES (464,30,'New Fiesta Hatch');
INSERT INTO model(id,make_id,name) VALUES (465,30,'New Fiesta Sedan');
INSERT INTO model(id,make_id,name) VALUES (466,30,'Pampa');
INSERT INTO model(id,make_id,name) VALUES (467,30,'Probe');
INSERT INTO model(id,make_id,name) VALUES (468,30,'Ranchero');
INSERT INTO model(id,make_id,name) VALUES (469,30,'Ranger (Cabine Dupla)');
INSERT INTO model(id,make_id,name) VALUES (470,30,'Ranger (Cabine Simples-Estendida)');
INSERT INTO model(id,make_id,name) VALUES (471,30,'Rural');
INSERT INTO model(id,make_id,name) VALUES (472,30,'Taurus');
INSERT INTO model(id,make_id,name) VALUES (473,30,'Taurus Wagon');
INSERT INTO model(id,make_id,name) VALUES (474,30,'Territory');
INSERT INTO model(id,make_id,name) VALUES (475,30,'Thunderbird');
INSERT INTO model(id,make_id,name) VALUES (476,30,'Transit');
INSERT INTO model(id,make_id,name) VALUES (477,30,'Verona');
INSERT INTO model(id,make_id,name) VALUES (478,30,'Versailles');
INSERT INTO model(id,make_id,name) VALUES (479,30,'Versailles Royale');
INSERT INTO model(id,make_id,name) VALUES (480,30,'Windstar');
INSERT INTO model(id,make_id,name) VALUES (481,31,'Buggy');
INSERT INTO model(id,make_id,name) VALUES (482,32,'EC7');
INSERT INTO model(id,make_id,name) VALUES (483,32,'GC2');
INSERT INTO model(id,make_id,name) VALUES (484,33,'3500 HD');
INSERT INTO model(id,make_id,name) VALUES (485,33,'Acadia');
INSERT INTO model(id,make_id,name) VALUES (486,33,'Cheyenne');
INSERT INTO model(id,make_id,name) VALUES (487,33,'Envoy');
INSERT INTO model(id,make_id,name) VALUES (488,33,'Jimmy');
INSERT INTO model(id,make_id,name) VALUES (489,33,'S10');
INSERT INTO model(id,make_id,name) VALUES (490,33,'Sierra');
INSERT INTO model(id,make_id,name) VALUES (491,33,'Silverado');
INSERT INTO model(id,make_id,name) VALUES (492,33,'SS10');
INSERT INTO model(id,make_id,name) VALUES (493,33,'Suburban');
INSERT INTO model(id,make_id,name) VALUES (494,33,'Syclone');
INSERT INTO model(id,make_id,name) VALUES (495,33,'Yukon');
INSERT INTO model(id,make_id,name) VALUES (496,34,'Hover CUV');
INSERT INTO model(id,make_id,name) VALUES (497,35,'BR 800 SL');
INSERT INTO model(id,make_id,name) VALUES (498,35,'Carajas');
INSERT INTO model(id,make_id,name) VALUES (499,35,'Tocantins');
INSERT INTO model(id,make_id,name) VALUES (500,35,'X12');
INSERT INTO model(id,make_id,name) VALUES (501,36,'Towner Ambulância');
INSERT INTO model(id,make_id,name) VALUES (502,36,'Towner Furgão');
INSERT INTO model(id,make_id,name) VALUES (503,36,'Towner Passageiro');
INSERT INTO model(id,make_id,name) VALUES (504,36,'Towner Pickup');
INSERT INTO model(id,make_id,name) VALUES (505,37,'Haima2');
INSERT INTO model(id,make_id,name) VALUES (506,37,'Haima3');
INSERT INTO model(id,make_id,name) VALUES (507,37,'Haima7');
INSERT INTO model(id,make_id,name) VALUES (508,38,'e.co Cargo');
INSERT INTO model(id,make_id,name) VALUES (509,38,'e.co Tech');
INSERT INTO model(id,make_id,name) VALUES (510,38,'e.co Truck');
INSERT INTO model(id,make_id,name) VALUES (511,39,'Accord');
INSERT INTO model(id,make_id,name) VALUES (512,39,'Accord Coupe');
INSERT INTO model(id,make_id,name) VALUES (513,39,'Accord Wagon');
INSERT INTO model(id,make_id,name) VALUES (514,39,'City');
INSERT INTO model(id,make_id,name) VALUES (515,39,'City Hatchback');
INSERT INTO model(id,make_id,name) VALUES (516,39,'Civic');
INSERT INTO model(id,make_id,name) VALUES (517,39,'Civic Coupe');
INSERT INTO model(id,make_id,name) VALUES (518,39,'Civic Hatch');
INSERT INTO model(id,make_id,name) VALUES (519,39,'Civic Targa');
INSERT INTO model(id,make_id,name) VALUES (520,39,'CR-V');
INSERT INTO model(id,make_id,name) VALUES (521,39,'Fit');
INSERT INTO model(id,make_id,name) VALUES (522,39,'HR-V');
INSERT INTO model(id,make_id,name) VALUES (523,39,'Legend');
INSERT INTO model(id,make_id,name) VALUES (524,39,'NSX');
INSERT INTO model(id,make_id,name) VALUES (525,39,'Odyssey');
INSERT INTO model(id,make_id,name) VALUES (526,39,'Passport');
INSERT INTO model(id,make_id,name) VALUES (527,39,'Prelude');
INSERT INTO model(id,make_id,name) VALUES (528,39,'Quadriciclo');
INSERT INTO model(id,make_id,name) VALUES (529,39,'WR-V');
INSERT INTO model(id,make_id,name) VALUES (530,40,'H1');
INSERT INTO model(id,make_id,name) VALUES (531,40,'H2');
INSERT INTO model(id,make_id,name) VALUES (532,40,'H3');
INSERT INTO model(id,make_id,name) VALUES (533,41,'Accent');
INSERT INTO model(id,make_id,name) VALUES (534,41,'Accent Hatch');
INSERT INTO model(id,make_id,name) VALUES (535,41,'Atos');
INSERT INTO model(id,make_id,name) VALUES (536,41,'Azera');
INSERT INTO model(id,make_id,name) VALUES (537,41,'Coupe FX');
INSERT INTO model(id,make_id,name) VALUES (538,41,'Creta');
INSERT INTO model(id,make_id,name) VALUES (539,41,'Elantra');
INSERT INTO model(id,make_id,name) VALUES (540,41,'Elantra Wagon');
INSERT INTO model(id,make_id,name) VALUES (541,41,'Equus');
INSERT INTO model(id,make_id,name) VALUES (542,41,'Excel');
INSERT INTO model(id,make_id,name) VALUES (543,41,'Galloper');
INSERT INTO model(id,make_id,name) VALUES (544,41,'Genesis');
INSERT INTO model(id,make_id,name) VALUES (545,41,'H1');
INSERT INTO model(id,make_id,name) VALUES (546,41,'H100');
INSERT INTO model(id,make_id,name) VALUES (547,41,'HB20');
INSERT INTO model(id,make_id,name) VALUES (548,41,'HB20S');
INSERT INTO model(id,make_id,name) VALUES (549,41,'HB20X');
INSERT INTO model(id,make_id,name) VALUES (550,41,'HR');
INSERT INTO model(id,make_id,name) VALUES (551,41,'i30');
INSERT INTO model(id,make_id,name) VALUES (552,41,'i30 CW');
INSERT INTO model(id,make_id,name) VALUES (553,41,'ix35');
INSERT INTO model(id,make_id,name) VALUES (554,41,'Matrix');
INSERT INTO model(id,make_id,name) VALUES (555,41,'Porter');
INSERT INTO model(id,make_id,name) VALUES (556,41,'Santa Fe');
INSERT INTO model(id,make_id,name) VALUES (557,41,'Scoupe');
INSERT INTO model(id,make_id,name) VALUES (558,41,'Sonata');
INSERT INTO model(id,make_id,name) VALUES (559,41,'Terracan');
INSERT INTO model(id,make_id,name) VALUES (560,41,'Trajet');
INSERT INTO model(id,make_id,name) VALUES (561,41,'Tucson');
INSERT INTO model(id,make_id,name) VALUES (562,41,'Veloster');
INSERT INTO model(id,make_id,name) VALUES (563,41,'Veracruz');
INSERT INTO model(id,make_id,name) VALUES (564,42,'EX35');
INSERT INTO model(id,make_id,name) VALUES (565,42,'FX35');
INSERT INTO model(id,make_id,name) VALUES (566,42,'FX45');
INSERT INTO model(id,make_id,name) VALUES (567,42,'FX50');
INSERT INTO model(id,make_id,name) VALUES (568,42,'G35');
INSERT INTO model(id,make_id,name) VALUES (569,42,'G37');
INSERT INTO model(id,make_id,name) VALUES (570,42,'QX56');
INSERT INTO model(id,make_id,name) VALUES (571,42,'QX70');
INSERT INTO model(id,make_id,name) VALUES (572,43,'Rodeo');
INSERT INTO model(id,make_id,name) VALUES (573,44,'Daily');
INSERT INTO model(id,make_id,name) VALUES (574,44,'Daily Furgão');
INSERT INTO model(id,make_id,name) VALUES (575,44,'Daily Minibus');
INSERT INTO model(id,make_id,name) VALUES (576,44,'Daily Vetrato');
INSERT INTO model(id,make_id,name) VALUES (577,45,'E-J7');
INSERT INTO model(id,make_id,name) VALUES (578,45,'E-JS1');
INSERT INTO model(id,make_id,name) VALUES (579,45,'E-JS4');
INSERT INTO model(id,make_id,name) VALUES (580,45,'iEV 1200T');
INSERT INTO model(id,make_id,name) VALUES (581,45,'iEV 20');
INSERT INTO model(id,make_id,name) VALUES (582,45,'iEV 330P');
INSERT INTO model(id,make_id,name) VALUES (583,45,'iEV 350T');
INSERT INTO model(id,make_id,name) VALUES (584,45,'iEV 40');
INSERT INTO model(id,make_id,name) VALUES (585,45,'iEV 60');
INSERT INTO model(id,make_id,name) VALUES (586,45,'iEV 750V');
INSERT INTO model(id,make_id,name) VALUES (587,45,'J2');
INSERT INTO model(id,make_id,name) VALUES (588,45,'J3');
INSERT INTO model(id,make_id,name) VALUES (589,45,'J3 Turin');
INSERT INTO model(id,make_id,name) VALUES (590,45,'J5');
INSERT INTO model(id,make_id,name) VALUES (591,45,'J6');
INSERT INTO model(id,make_id,name) VALUES (592,45,'T140');
INSERT INTO model(id,make_id,name) VALUES (593,45,'T40');
INSERT INTO model(id,make_id,name) VALUES (594,45,'T5');
INSERT INTO model(id,make_id,name) VALUES (595,45,'T50');
INSERT INTO model(id,make_id,name) VALUES (596,45,'T6');
INSERT INTO model(id,make_id,name) VALUES (597,45,'T60');
INSERT INTO model(id,make_id,name) VALUES (598,45,'T8');
INSERT INTO model(id,make_id,name) VALUES (599,45,'T80');
INSERT INTO model(id,make_id,name) VALUES (600,45,'V260');
INSERT INTO model(id,make_id,name) VALUES (601,46,'E-PACE');
INSERT INTO model(id,make_id,name) VALUES (602,46,'F-PACE');
INSERT INTO model(id,make_id,name) VALUES (603,46,'F-Type');
INSERT INTO model(id,make_id,name) VALUES (604,46,'I-PACE');
INSERT INTO model(id,make_id,name) VALUES (605,46,'S-Type');
INSERT INTO model(id,make_id,name) VALUES (606,46,'XE');
INSERT INTO model(id,make_id,name) VALUES (607,46,'XF');
INSERT INTO model(id,make_id,name) VALUES (608,46,'XJ');
INSERT INTO model(id,make_id,name) VALUES (609,46,'XJ 12');
INSERT INTO model(id,make_id,name) VALUES (610,46,'XJ 220');
INSERT INTO model(id,make_id,name) VALUES (611,46,'XJ 5');
INSERT INTO model(id,make_id,name) VALUES (612,46,'XJ 6');
INSERT INTO model(id,make_id,name) VALUES (613,46,'XJ 8');
INSERT INTO model(id,make_id,name) VALUES (614,46,'XK');
INSERT INTO model(id,make_id,name) VALUES (615,46,'X-Type');
INSERT INTO model(id,make_id,name) VALUES (616,46,'X-Type Estate');
INSERT INTO model(id,make_id,name) VALUES (617,47,'Cherokee');
INSERT INTO model(id,make_id,name) VALUES (618,47,'Commander');
INSERT INTO model(id,make_id,name) VALUES (619,47,'Compass');
INSERT INTO model(id,make_id,name) VALUES (620,47,'Gladiator');
INSERT INTO model(id,make_id,name) VALUES (621,47,'Grand Cherokee');
INSERT INTO model(id,make_id,name) VALUES (622,47,'Liberty');
INSERT INTO model(id,make_id,name) VALUES (623,47,'Renegade');
INSERT INTO model(id,make_id,name) VALUES (624,47,'Wrangler');
INSERT INTO model(id,make_id,name) VALUES (625,48,'Gran Topic');
INSERT INTO model(id,make_id,name) VALUES (626,48,'Topic Escolar');
INSERT INTO model(id,make_id,name) VALUES (627,48,'Topic Furgão');
INSERT INTO model(id,make_id,name) VALUES (628,48,'Topic Passageiro');
INSERT INTO model(id,make_id,name) VALUES (629,49,'A380');
INSERT INTO model(id,make_id,name) VALUES (630,50,'Montez');
INSERT INTO model(id,make_id,name) VALUES (631,50,'Picape');
INSERT INTO model(id,make_id,name) VALUES (632,51,'Besta');
INSERT INTO model(id,make_id,name) VALUES (633,51,'Bongo');
INSERT INTO model(id,make_id,name) VALUES (634,51,'Cadenza');
INSERT INTO model(id,make_id,name) VALUES (635,51,'Carens');
INSERT INTO model(id,make_id,name) VALUES (636,51,'Carnival');
INSERT INTO model(id,make_id,name) VALUES (637,51,'Cerato');
INSERT INTO model(id,make_id,name) VALUES (638,51,'Ceres');
INSERT INTO model(id,make_id,name) VALUES (639,51,'Clarus');
INSERT INTO model(id,make_id,name) VALUES (640,51,'Grand Carnival');
INSERT INTO model(id,make_id,name) VALUES (641,51,'Magentis');
INSERT INTO model(id,make_id,name) VALUES (642,51,'Mohave');
INSERT INTO model(id,make_id,name) VALUES (643,51,'Opirus');
INSERT INTO model(id,make_id,name) VALUES (644,51,'Optima');
INSERT INTO model(id,make_id,name) VALUES (645,51,'Picanto');
INSERT INTO model(id,make_id,name) VALUES (646,51,'Quoris');
INSERT INTO model(id,make_id,name) VALUES (647,51,'Rio');
INSERT INTO model(id,make_id,name) VALUES (648,51,'Sephia');
INSERT INTO model(id,make_id,name) VALUES (649,51,'Shuma');
INSERT INTO model(id,make_id,name) VALUES (650,51,'Sorento');
INSERT INTO model(id,make_id,name) VALUES (651,51,'Soul');
INSERT INTO model(id,make_id,name) VALUES (652,51,'Sportage');
INSERT INTO model(id,make_id,name) VALUES (653,51,'Stinger');
INSERT INTO model(id,make_id,name) VALUES (654,51,'Stonic');
INSERT INTO model(id,make_id,name) VALUES (655,52,'Laika');
INSERT INTO model(id,make_id,name) VALUES (656,52,'Niva');
INSERT INTO model(id,make_id,name) VALUES (657,52,'Samara');
INSERT INTO model(id,make_id,name) VALUES (658,53,'Aventador');
INSERT INTO model(id,make_id,name) VALUES (659,53,'Diablo');
INSERT INTO model(id,make_id,name) VALUES (660,53,'Gallardo');
INSERT INTO model(id,make_id,name) VALUES (661,53,'Gallardo Spyder');
INSERT INTO model(id,make_id,name) VALUES (662,53,'Huracan');
INSERT INTO model(id,make_id,name) VALUES (663,53,'Murciélago');
INSERT INTO model(id,make_id,name) VALUES (664,53,'Urus');
INSERT INTO model(id,make_id,name) VALUES (665,54,'Defender');
INSERT INTO model(id,make_id,name) VALUES (666,54,'Discovery');
INSERT INTO model(id,make_id,name) VALUES (667,54,'Discovery Sport');
INSERT INTO model(id,make_id,name) VALUES (668,54,'Freelander');
INSERT INTO model(id,make_id,name) VALUES (669,54,'Range Rover');
INSERT INTO model(id,make_id,name) VALUES (670,54,'Range Rover Evoque');
INSERT INTO model(id,make_id,name) VALUES (671,54,'Range Rover Sport');
INSERT INTO model(id,make_id,name) VALUES (672,54,'Range Rover Velar');
INSERT INTO model(id,make_id,name) VALUES (673,54,'Range Rover Vogue');
INSERT INTO model(id,make_id,name) VALUES (674,54,'Série 1');
INSERT INTO model(id,make_id,name) VALUES (675,55,'X8');
INSERT INTO model(id,make_id,name) VALUES (676,56,'CT 200h');
INSERT INTO model(id,make_id,name) VALUES (677,56,'ES 300');
INSERT INTO model(id,make_id,name) VALUES (678,56,'ES 330');
INSERT INTO model(id,make_id,name) VALUES (679,56,'ES 350');
INSERT INTO model(id,make_id,name) VALUES (680,56,'GS 300');
INSERT INTO model(id,make_id,name) VALUES (681,56,'GS 350');
INSERT INTO model(id,make_id,name) VALUES (682,56,'IS 250');
INSERT INTO model(id,make_id,name) VALUES (683,56,'IS 300');
INSERT INTO model(id,make_id,name) VALUES (684,56,'LS 400');
INSERT INTO model(id,make_id,name) VALUES (685,56,'LS 430');
INSERT INTO model(id,make_id,name) VALUES (686,56,'LS 460');
INSERT INTO model(id,make_id,name) VALUES (687,56,'LS 500');
INSERT INTO model(id,make_id,name) VALUES (688,56,'NX 200t');
INSERT INTO model(id,make_id,name) VALUES (689,56,'NX 300');
INSERT INTO model(id,make_id,name) VALUES (690,56,'NX 350');
INSERT INTO model(id,make_id,name) VALUES (691,56,'RX 300');
INSERT INTO model(id,make_id,name) VALUES (692,56,'RX 330');
INSERT INTO model(id,make_id,name) VALUES (693,56,'RX 350');
INSERT INTO model(id,make_id,name) VALUES (694,56,'RX 450');
INSERT INTO model(id,make_id,name) VALUES (695,56,'SC 400');
INSERT INTO model(id,make_id,name) VALUES (696,56,'SC 430');
INSERT INTO model(id,make_id,name) VALUES (697,56,'UX 250');
INSERT INTO model(id,make_id,name) VALUES (698,57,'320');
INSERT INTO model(id,make_id,name) VALUES (699,57,'530');
INSERT INTO model(id,make_id,name) VALUES (700,57,'620');
INSERT INTO model(id,make_id,name) VALUES (701,57,'Foison');
INSERT INTO model(id,make_id,name) VALUES (702,57,'X60');
INSERT INTO model(id,make_id,name) VALUES (703,57,'X80');
INSERT INTO model(id,make_id,name) VALUES (704,58,'Aviator');
INSERT INTO model(id,make_id,name) VALUES (705,58,'Continental');
INSERT INTO model(id,make_id,name) VALUES (706,58,'LS');
INSERT INTO model(id,make_id,name) VALUES (707,58,'Mark VIII');
INSERT INTO model(id,make_id,name) VALUES (708,58,'MKX');
INSERT INTO model(id,make_id,name) VALUES (709,58,'Navigator');
INSERT INTO model(id,make_id,name) VALUES (710,58,'Town Car');
INSERT INTO model(id,make_id,name) VALUES (711,59,'H1');
INSERT INTO model(id,make_id,name) VALUES (712,60,'Elan');
INSERT INTO model(id,make_id,name) VALUES (713,60,'Elise');
INSERT INTO model(id,make_id,name) VALUES (714,60,'Exige');
INSERT INTO model(id,make_id,name) VALUES (715,61,'Mahindra Chassi');
INSERT INTO model(id,make_id,name) VALUES (716,61,'Mahindra Pick-up');
INSERT INTO model(id,make_id,name) VALUES (717,61,'Mahindra SUV');
INSERT INTO model(id,make_id,name) VALUES (718,62,'3200 GT');
INSERT INTO model(id,make_id,name) VALUES (719,62,'4200');
INSERT INTO model(id,make_id,name) VALUES (720,62,'Coupe');
INSERT INTO model(id,make_id,name) VALUES (721,62,'Ghibli');
INSERT INTO model(id,make_id,name) VALUES (722,62,'Grancabrio');
INSERT INTO model(id,make_id,name) VALUES (723,62,'GranSport');
INSERT INTO model(id,make_id,name) VALUES (724,62,'GranTurismo');
INSERT INTO model(id,make_id,name) VALUES (725,62,'Levante');
INSERT INTO model(id,make_id,name) VALUES (726,62,'Quattroporte');
INSERT INTO model(id,make_id,name) VALUES (727,62,'Spyder');
INSERT INTO model(id,make_id,name) VALUES (728,63,'Cabine Dupla');
INSERT INTO model(id,make_id,name) VALUES (729,63,'Cabine Simples');
INSERT INTO model(id,make_id,name) VALUES (730,64,'323');
INSERT INTO model(id,make_id,name) VALUES (731,64,'626');
INSERT INTO model(id,make_id,name) VALUES (732,64,'626 SW');
INSERT INTO model(id,make_id,name) VALUES (733,64,'929');
INSERT INTO model(id,make_id,name) VALUES (734,64,'B 2200');
INSERT INTO model(id,make_id,name) VALUES (735,64,'B 2500');
INSERT INTO model(id,make_id,name) VALUES (736,64,'CX-9');
INSERT INTO model(id,make_id,name) VALUES (737,64,'Millenia');
INSERT INTO model(id,make_id,name) VALUES (738,64,'MPV Mini-Van');
INSERT INTO model(id,make_id,name) VALUES (739,64,'MX-3');
INSERT INTO model(id,make_id,name) VALUES (740,64,'MX-5');
INSERT INTO model(id,make_id,name) VALUES (741,64,'MX-6');
INSERT INTO model(id,make_id,name) VALUES (742,64,'Navajo');
INSERT INTO model(id,make_id,name) VALUES (743,64,'Protege');
INSERT INTO model(id,make_id,name) VALUES (744,64,'RX-7');
INSERT INTO model(id,make_id,name) VALUES (745,64,'RX-8');
INSERT INTO model(id,make_id,name) VALUES (746,65,'570S');
INSERT INTO model(id,make_id,name) VALUES (747,65,'600LT');
INSERT INTO model(id,make_id,name) VALUES (748,65,'720S');
INSERT INTO model(id,make_id,name) VALUES (749,65,'GT Coupe');
INSERT INTO model(id,make_id,name) VALUES (750,65,'MP4');
INSERT INTO model(id,make_id,name) VALUES (751,66,'180 D');
INSERT INTO model(id,make_id,name) VALUES (752,66,'190');
INSERT INTO model(id,make_id,name) VALUES (753,66,'230');
INSERT INTO model(id,make_id,name) VALUES (754,66,'240');
INSERT INTO model(id,make_id,name) VALUES (755,66,'250');
INSERT INTO model(id,make_id,name) VALUES (756,66,'260');
INSERT INTO model(id,make_id,name) VALUES (757,66,'280');
INSERT INTO model(id,make_id,name) VALUES (758,66,'300');
INSERT INTO model(id,make_id,name) VALUES (759,66,'450');
INSERT INTO model(id,make_id,name) VALUES (760,66,'500');
INSERT INTO model(id,make_id,name) VALUES (761,66,'560');
INSERT INTO model(id,make_id,name) VALUES (762,66,'AMG EQS');
INSERT INTO model(id,make_id,name) VALUES (763,66,'AMG GT');
INSERT INTO model(id,make_id,name) VALUES (764,66,'AMG GT Roadster');
INSERT INTO model(id,make_id,name) VALUES (765,66,'CLA');
INSERT INTO model(id,make_id,name) VALUES (766,66,'CLA AMG');
INSERT INTO model(id,make_id,name) VALUES (767,66,'Classe A');
INSERT INTO model(id,make_id,name) VALUES (768,66,'Classe A AMG');
INSERT INTO model(id,make_id,name) VALUES (769,66,'Classe B');
INSERT INTO model(id,make_id,name) VALUES (770,66,'Classe C');
INSERT INTO model(id,make_id,name) VALUES (771,66,'Classe C AMG');
INSERT INTO model(id,make_id,name) VALUES (772,66,'Classe CL');
INSERT INTO model(id,make_id,name) VALUES (773,66,'Classe CL AMG');
INSERT INTO model(id,make_id,name) VALUES (774,66,'Classe CLC');
INSERT INTO model(id,make_id,name) VALUES (775,66,'Classe CLK');
INSERT INTO model(id,make_id,name) VALUES (776,66,'Classe CLK Cabrio');
INSERT INTO model(id,make_id,name) VALUES (777,66,'Classe C Touring');
INSERT INTO model(id,make_id,name) VALUES (778,66,'Classe C Touring AMG');
INSERT INTO model(id,make_id,name) VALUES (779,66,'Classe E');
INSERT INTO model(id,make_id,name) VALUES (780,66,'Classe E AMG');
INSERT INTO model(id,make_id,name) VALUES (781,66,'Classe E Cabrio');
INSERT INTO model(id,make_id,name) VALUES (782,66,'Classe E Coupé');
INSERT INTO model(id,make_id,name) VALUES (783,66,'Classe E Touring');
INSERT INTO model(id,make_id,name) VALUES (784,66,'Classe G');
INSERT INTO model(id,make_id,name) VALUES (785,66,'Classe G AMG');
INSERT INTO model(id,make_id,name) VALUES (786,66,'Classe GL');
INSERT INTO model(id,make_id,name) VALUES (787,66,'Classe GL AMG');
INSERT INTO model(id,make_id,name) VALUES (788,66,'Classe GLK');
INSERT INTO model(id,make_id,name) VALUES (789,66,'Classe ML');
INSERT INTO model(id,make_id,name) VALUES (790,66,'Classe ML AMG');
INSERT INTO model(id,make_id,name) VALUES (791,66,'Classe R');
INSERT INTO model(id,make_id,name) VALUES (792,66,'Classe S');
INSERT INTO model(id,make_id,name) VALUES (793,66,'Classe S AMG');
INSERT INTO model(id,make_id,name) VALUES (794,66,'Classe SLK');
INSERT INTO model(id,make_id,name) VALUES (795,66,'Classe SLK AMG');
INSERT INTO model(id,make_id,name) VALUES (796,66,'CLS');
INSERT INTO model(id,make_id,name) VALUES (797,66,'CLS AMG');
INSERT INTO model(id,make_id,name) VALUES (798,66,'EQC');
INSERT INTO model(id,make_id,name) VALUES (799,66,'GLA');
INSERT INTO model(id,make_id,name) VALUES (800,66,'GLA AMG');
INSERT INTO model(id,make_id,name) VALUES (801,66,'GLB');
INSERT INTO model(id,make_id,name) VALUES (802,66,'GLC');
INSERT INTO model(id,make_id,name) VALUES (803,66,'GLC AMG');
INSERT INTO model(id,make_id,name) VALUES (804,66,'GLE');
INSERT INTO model(id,make_id,name) VALUES (805,66,'GLE AMG');
INSERT INTO model(id,make_id,name) VALUES (806,66,'GLS');
INSERT INTO model(id,make_id,name) VALUES (807,66,'GLS AMG');
INSERT INTO model(id,make_id,name) VALUES (808,66,'SL');
INSERT INTO model(id,make_id,name) VALUES (809,66,'SL AMG');
INSERT INTO model(id,make_id,name) VALUES (810,66,'SLC');
INSERT INTO model(id,make_id,name) VALUES (811,66,'SLC AMG');
INSERT INTO model(id,make_id,name) VALUES (812,66,'SLS AMG');
INSERT INTO model(id,make_id,name) VALUES (813,66,'Sprinter');
INSERT INTO model(id,make_id,name) VALUES (814,66,'V 220');
INSERT INTO model(id,make_id,name) VALUES (815,66,'Vito');
INSERT INTO model(id,make_id,name) VALUES (816,67,'MG550');
INSERT INTO model(id,make_id,name) VALUES (817,67,'MG6');
INSERT INTO model(id,make_id,name) VALUES (818,68,'Spayc');
INSERT INTO model(id,make_id,name) VALUES (819,69,'Cabrio');
INSERT INTO model(id,make_id,name) VALUES (820,69,'Clubman');
INSERT INTO model(id,make_id,name) VALUES (821,69,'Cooper');
INSERT INTO model(id,make_id,name) VALUES (822,69,'Countryman');
INSERT INTO model(id,make_id,name) VALUES (823,69,'Coupe');
INSERT INTO model(id,make_id,name) VALUES (824,69,'John Cooper');
INSERT INTO model(id,make_id,name) VALUES (825,69,'Morris');
INSERT INTO model(id,make_id,name) VALUES (826,69,'One');
INSERT INTO model(id,make_id,name) VALUES (827,69,'Paceman');
INSERT INTO model(id,make_id,name) VALUES (828,69,'Roadster');
INSERT INTO model(id,make_id,name) VALUES (829,70,'3000');
INSERT INTO model(id,make_id,name) VALUES (830,70,'Airtrek');
INSERT INTO model(id,make_id,name) VALUES (831,70,'ASX');
INSERT INTO model(id,make_id,name) VALUES (832,70,'Colt');
INSERT INTO model(id,make_id,name) VALUES (833,70,'Diamant');
INSERT INTO model(id,make_id,name) VALUES (834,70,'Eclipse');
INSERT INTO model(id,make_id,name) VALUES (835,70,'Eclipse Cross');
INSERT INTO model(id,make_id,name) VALUES (836,70,'Expo LRV');
INSERT INTO model(id,make_id,name) VALUES (837,70,'Expo SP Van');
INSERT INTO model(id,make_id,name) VALUES (838,70,'Galant');
INSERT INTO model(id,make_id,name) VALUES (839,70,'Grandis');
INSERT INTO model(id,make_id,name) VALUES (840,70,'L200');
INSERT INTO model(id,make_id,name) VALUES (841,70,'L200 Outdoor');
INSERT INTO model(id,make_id,name) VALUES (842,70,'L200 Triton');
INSERT INTO model(id,make_id,name) VALUES (843,70,'L300');
INSERT INTO model(id,make_id,name) VALUES (844,70,'Lancer');
INSERT INTO model(id,make_id,name) VALUES (845,70,'Lancer Evolution');
INSERT INTO model(id,make_id,name) VALUES (846,70,'Lancer Sportback');
INSERT INTO model(id,make_id,name) VALUES (847,70,'Mirage');
INSERT INTO model(id,make_id,name) VALUES (848,70,'Montero');
INSERT INTO model(id,make_id,name) VALUES (849,70,'Outlander');
INSERT INTO model(id,make_id,name) VALUES (850,70,'Outlander Sport');
INSERT INTO model(id,make_id,name) VALUES (851,70,'Pajero');
INSERT INTO model(id,make_id,name) VALUES (852,70,'Pajero Dakar');
INSERT INTO model(id,make_id,name) VALUES (853,70,'Pajero Full');
INSERT INTO model(id,make_id,name) VALUES (854,70,'Pajero Sport');
INSERT INTO model(id,make_id,name) VALUES (855,70,'Pajero TR4');
INSERT INTO model(id,make_id,name) VALUES (856,70,'Space Wagon');
INSERT INTO model(id,make_id,name) VALUES (857,71,'350Z');
INSERT INTO model(id,make_id,name) VALUES (858,71,'370Z');
INSERT INTO model(id,make_id,name) VALUES (859,71,'Altima');
INSERT INTO model(id,make_id,name) VALUES (860,71,'Armada');
INSERT INTO model(id,make_id,name) VALUES (861,71,'AX');
INSERT INTO model(id,make_id,name) VALUES (862,71,'Frontier');
INSERT INTO model(id,make_id,name) VALUES (863,71,'Grand Livina');
INSERT INTO model(id,make_id,name) VALUES (864,71,'GT-R');
INSERT INTO model(id,make_id,name) VALUES (865,71,'Juke');
INSERT INTO model(id,make_id,name) VALUES (866,71,'Kicks');
INSERT INTO model(id,make_id,name) VALUES (867,71,'King Cab');
INSERT INTO model(id,make_id,name) VALUES (868,71,'LEAF');
INSERT INTO model(id,make_id,name) VALUES (869,71,'Livina');
INSERT INTO model(id,make_id,name) VALUES (870,71,'March');
INSERT INTO model(id,make_id,name) VALUES (871,71,'Maxima');
INSERT INTO model(id,make_id,name) VALUES (872,71,'Micra');
INSERT INTO model(id,make_id,name) VALUES (873,71,'Murano');
INSERT INTO model(id,make_id,name) VALUES (874,71,'NX 2000');
INSERT INTO model(id,make_id,name) VALUES (875,71,'Pathfinder');
INSERT INTO model(id,make_id,name) VALUES (876,71,'Pick Up D21');
INSERT INTO model(id,make_id,name) VALUES (877,71,'Pick Up D22');
INSERT INTO model(id,make_id,name) VALUES (878,71,'Primera');
INSERT INTO model(id,make_id,name) VALUES (879,71,'Quest');
INSERT INTO model(id,make_id,name) VALUES (880,71,'Sentra');
INSERT INTO model(id,make_id,name) VALUES (881,71,'Stanza');
INSERT INTO model(id,make_id,name) VALUES (882,71,'SX');
INSERT INTO model(id,make_id,name) VALUES (883,71,'Terrano II');
INSERT INTO model(id,make_id,name) VALUES (884,71,'Tiida');
INSERT INTO model(id,make_id,name) VALUES (885,71,'Tiida Sedan');
INSERT INTO model(id,make_id,name) VALUES (886,71,'Versa');
INSERT INTO model(id,make_id,name) VALUES (887,71,'XTerra');
INSERT INTO model(id,make_id,name) VALUES (888,71,'XTRAIL');
INSERT INTO model(id,make_id,name) VALUES (889,71,'ZX');
INSERT INTO model(id,make_id,name) VALUES (890,72,'Silhouette');
INSERT INTO model(id,make_id,name) VALUES (891,73,'Zonda');
INSERT INTO model(id,make_id,name) VALUES (892,74,'106');
INSERT INTO model(id,make_id,name) VALUES (893,74,'2008');
INSERT INTO model(id,make_id,name) VALUES (894,74,'205');
INSERT INTO model(id,make_id,name) VALUES (895,74,'205 Cabriolet');
INSERT INTO model(id,make_id,name) VALUES (896,74,'206');
INSERT INTO model(id,make_id,name) VALUES (897,74,'206 CC');
INSERT INTO model(id,make_id,name) VALUES (898,74,'206 SW');
INSERT INTO model(id,make_id,name) VALUES (899,74,'207');
INSERT INTO model(id,make_id,name) VALUES (900,74,'207 Sedan');
INSERT INTO model(id,make_id,name) VALUES (901,74,'207 SW');
INSERT INTO model(id,make_id,name) VALUES (902,74,'207 SW Escapade');
INSERT INTO model(id,make_id,name) VALUES (903,74,'208');
INSERT INTO model(id,make_id,name) VALUES (904,74,'3008');
INSERT INTO model(id,make_id,name) VALUES (905,74,'306');
INSERT INTO model(id,make_id,name) VALUES (906,74,'306 Break');
INSERT INTO model(id,make_id,name) VALUES (907,74,'306 Cabriolet');
INSERT INTO model(id,make_id,name) VALUES (908,74,'306 Sedan');
INSERT INTO model(id,make_id,name) VALUES (909,74,'307');
INSERT INTO model(id,make_id,name) VALUES (910,74,'307 CC');
INSERT INTO model(id,make_id,name) VALUES (911,74,'307 Sedan');
INSERT INTO model(id,make_id,name) VALUES (912,74,'307 SW');
INSERT INTO model(id,make_id,name) VALUES (913,74,'308');
INSERT INTO model(id,make_id,name) VALUES (914,74,'308 CC');
INSERT INTO model(id,make_id,name) VALUES (915,74,'405');
INSERT INTO model(id,make_id,name) VALUES (916,74,'405 Break');
INSERT INTO model(id,make_id,name) VALUES (917,74,'406');
INSERT INTO model(id,make_id,name) VALUES (918,74,'406 Break');
INSERT INTO model(id,make_id,name) VALUES (919,74,'406 Coupe');
INSERT INTO model(id,make_id,name) VALUES (920,74,'407');
INSERT INTO model(id,make_id,name) VALUES (921,74,'407 SW');
INSERT INTO model(id,make_id,name) VALUES (922,74,'408');
INSERT INTO model(id,make_id,name) VALUES (923,74,'5008');
INSERT INTO model(id,make_id,name) VALUES (924,74,'504');
INSERT INTO model(id,make_id,name) VALUES (925,74,'505');
INSERT INTO model(id,make_id,name) VALUES (926,74,'508');
INSERT INTO model(id,make_id,name) VALUES (927,74,'605');
INSERT INTO model(id,make_id,name) VALUES (928,74,'607');
INSERT INTO model(id,make_id,name) VALUES (929,74,'806');
INSERT INTO model(id,make_id,name) VALUES (930,74,'807');
INSERT INTO model(id,make_id,name) VALUES (931,74,'Boxer');
INSERT INTO model(id,make_id,name) VALUES (932,74,'Expert');
INSERT INTO model(id,make_id,name) VALUES (933,74,'Hoggar');
INSERT INTO model(id,make_id,name) VALUES (934,74,'Partner');
INSERT INTO model(id,make_id,name) VALUES (935,74,'RCZ');
INSERT INTO model(id,make_id,name) VALUES (936,75,'Gran Voyager');
INSERT INTO model(id,make_id,name) VALUES (937,75,'Road Runner');
INSERT INTO model(id,make_id,name) VALUES (938,75,'Sundance');
INSERT INTO model(id,make_id,name) VALUES (939,76,'Firebird');
INSERT INTO model(id,make_id,name) VALUES (940,76,'Montana Van');
INSERT INTO model(id,make_id,name) VALUES (941,76,'Solstice');
INSERT INTO model(id,make_id,name) VALUES (942,76,'Trans Am');
INSERT INTO model(id,make_id,name) VALUES (943,76,'Trans Sport');
INSERT INTO model(id,make_id,name) VALUES (944,77,'718 Boxster');
INSERT INTO model(id,make_id,name) VALUES (945,77,'718 Cayman');
INSERT INTO model(id,make_id,name) VALUES (946,77,'911');
INSERT INTO model(id,make_id,name) VALUES (947,77,'911 Cabriolet');
INSERT INTO model(id,make_id,name) VALUES (948,77,'928');
INSERT INTO model(id,make_id,name) VALUES (949,77,'944');
INSERT INTO model(id,make_id,name) VALUES (950,77,'968 Cabriolet');
INSERT INTO model(id,make_id,name) VALUES (951,77,'968 Coupe');
INSERT INTO model(id,make_id,name) VALUES (952,77,'Boxster');
INSERT INTO model(id,make_id,name) VALUES (953,77,'Carrera GT');
INSERT INTO model(id,make_id,name) VALUES (954,77,'Cayenne');
INSERT INTO model(id,make_id,name) VALUES (955,77,'Cayman');
INSERT INTO model(id,make_id,name) VALUES (956,77,'Macan');
INSERT INTO model(id,make_id,name) VALUES (957,77,'Panamera');
INSERT INTO model(id,make_id,name) VALUES (958,77,'Taycan');
INSERT INTO model(id,make_id,name) VALUES (959,78,'3500');
INSERT INTO model(id,make_id,name) VALUES (960,78,'Laramie');
INSERT INTO model(id,make_id,name) VALUES (961,78,'Rebel');
INSERT INTO model(id,make_id,name) VALUES (962,79,'LINK');
INSERT INTO model(id,make_id,name) VALUES (963,79,'Pick-Up');
INSERT INTO model(id,make_id,name) VALUES (964,79,'Van');
INSERT INTO model(id,make_id,name) VALUES (965,80,'19');
INSERT INTO model(id,make_id,name) VALUES (966,80,'21');
INSERT INTO model(id,make_id,name) VALUES (967,80,'Captur');
INSERT INTO model(id,make_id,name) VALUES (968,80,'Clio');
INSERT INTO model(id,make_id,name) VALUES (969,80,'Clio Sedan');
INSERT INTO model(id,make_id,name) VALUES (970,80,'Duster');
INSERT INTO model(id,make_id,name) VALUES (971,80,'Duster Oroch');
INSERT INTO model(id,make_id,name) VALUES (972,80,'Fluence');
INSERT INTO model(id,make_id,name) VALUES (973,80,'Grand Scenic');
INSERT INTO model(id,make_id,name) VALUES (974,80,'Kangoo');
INSERT INTO model(id,make_id,name) VALUES (975,80,'Kangoo Express');
INSERT INTO model(id,make_id,name) VALUES (976,80,'Kwid');
INSERT INTO model(id,make_id,name) VALUES (977,80,'Laguna');
INSERT INTO model(id,make_id,name) VALUES (978,80,'Laguna Grand Tour');
INSERT INTO model(id,make_id,name) VALUES (979,80,'Logan');
INSERT INTO model(id,make_id,name) VALUES (980,80,'Master');
INSERT INTO model(id,make_id,name) VALUES (981,80,'Master Chassi');
INSERT INTO model(id,make_id,name) VALUES (982,80,'Megane Cabriolet');
INSERT INTO model(id,make_id,name) VALUES (983,80,'Megane Grand Tour');
INSERT INTO model(id,make_id,name) VALUES (984,80,'Megane Hatch');
INSERT INTO model(id,make_id,name) VALUES (985,80,'Megane Sedan');
INSERT INTO model(id,make_id,name) VALUES (986,80,'Safrane');
INSERT INTO model(id,make_id,name) VALUES (987,80,'Sandero');
INSERT INTO model(id,make_id,name) VALUES (988,80,'Sandero Stepway');
INSERT INTO model(id,make_id,name) VALUES (989,80,'Scenic');
INSERT INTO model(id,make_id,name) VALUES (990,80,'Symbol');
INSERT INTO model(id,make_id,name) VALUES (991,80,'Trafic');
INSERT INTO model(id,make_id,name) VALUES (992,80,'Twingo');
INSERT INTO model(id,make_id,name) VALUES (993,80,'Zoe');
INSERT INTO model(id,make_id,name) VALUES (994,81,'Ghost');
INSERT INTO model(id,make_id,name) VALUES (995,81,'Phantom');
INSERT INTO model(id,make_id,name) VALUES (996,81,'Wraith');
INSERT INTO model(id,make_id,name) VALUES (997,82,'900');
INSERT INTO model(id,make_id,name) VALUES (998,83,'SL-2');
INSERT INTO model(id,make_id,name) VALUES (999,84,'Arosa');
INSERT INTO model(id,make_id,name) VALUES (1000,84,'Cordoba');
INSERT INTO model(id,make_id,name) VALUES (1001,84,'Cordoba Vario');
INSERT INTO model(id,make_id,name) VALUES (1002,84,'Ibiza');
INSERT INTO model(id,make_id,name) VALUES (1003,84,'Inca');
INSERT INTO model(id,make_id,name) VALUES (1004,84,'Leon');
INSERT INTO model(id,make_id,name) VALUES (1005,84,'Toledo');
INSERT INTO model(id,make_id,name) VALUES (1006,85,'Mini Truck T20');
INSERT INTO model(id,make_id,name) VALUES (1007,85,'Mini Truck T22');
INSERT INTO model(id,make_id,name) VALUES (1008,85,'Van Cargo');
INSERT INTO model(id,make_id,name) VALUES (1009,85,'Van Passageiro');
INSERT INTO model(id,make_id,name) VALUES (1010,85,'Van X30');
INSERT INTO model(id,make_id,name) VALUES (1011,86,'Noble');
INSERT INTO model(id,make_id,name) VALUES (1012,87,'fortwo');
INSERT INTO model(id,make_id,name) VALUES (1013,87,'fortwo Cabrio');
INSERT INTO model(id,make_id,name) VALUES (1014,87,'fortwo Coupe');
INSERT INTO model(id,make_id,name) VALUES (1015,88,'C8');
INSERT INTO model(id,make_id,name) VALUES (1016,89,'Actyon');
INSERT INTO model(id,make_id,name) VALUES (1017,89,'Actyon Sports');
INSERT INTO model(id,make_id,name) VALUES (1018,89,'Chairmam');
INSERT INTO model(id,make_id,name) VALUES (1019,89,'Istana');
INSERT INTO model(id,make_id,name) VALUES (1020,89,'Korando');
INSERT INTO model(id,make_id,name) VALUES (1021,89,'Kyron');
INSERT INTO model(id,make_id,name) VALUES (1022,89,'Musso');
INSERT INTO model(id,make_id,name) VALUES (1023,89,'Musso Pick Up');
INSERT INTO model(id,make_id,name) VALUES (1024,89,'Rexton');
INSERT INTO model(id,make_id,name) VALUES (1025,89,'Tivoli');
INSERT INTO model(id,make_id,name) VALUES (1026,89,'XLV');
INSERT INTO model(id,make_id,name) VALUES (1027,90,'Forester');
INSERT INTO model(id,make_id,name) VALUES (1028,90,'Impreza Hatch');
INSERT INTO model(id,make_id,name) VALUES (1029,90,'Impreza Sedan');
INSERT INTO model(id,make_id,name) VALUES (1030,90,'Impreza SW');
INSERT INTO model(id,make_id,name) VALUES (1031,90,'Legacy Sedan');
INSERT INTO model(id,make_id,name) VALUES (1032,90,'Legacy TW');
INSERT INTO model(id,make_id,name) VALUES (1033,90,'Outback');
INSERT INTO model(id,make_id,name) VALUES (1034,90,'SVX');
INSERT INTO model(id,make_id,name) VALUES (1035,90,'Tribeca');
INSERT INTO model(id,make_id,name) VALUES (1036,90,'Vivio');
INSERT INTO model(id,make_id,name) VALUES (1037,90,'WRX');
INSERT INTO model(id,make_id,name) VALUES (1038,90,'XV');
INSERT INTO model(id,make_id,name) VALUES (1039,91,'Talbot');
INSERT INTO model(id,make_id,name) VALUES (1040,92,'Baleno');
INSERT INTO model(id,make_id,name) VALUES (1041,92,'Grand Vitara');
INSERT INTO model(id,make_id,name) VALUES (1042,92,'Ignis');
INSERT INTO model(id,make_id,name) VALUES (1043,92,'Jimny');
INSERT INTO model(id,make_id,name) VALUES (1044,92,'Jimny Sierra');
INSERT INTO model(id,make_id,name) VALUES (1045,92,'Samurai');
INSERT INTO model(id,make_id,name) VALUES (1046,92,'S-Cross');
INSERT INTO model(id,make_id,name) VALUES (1047,92,'Sidekick');
INSERT INTO model(id,make_id,name) VALUES (1048,92,'Super Carry');
INSERT INTO model(id,make_id,name) VALUES (1049,92,'Swift Conversivel');
INSERT INTO model(id,make_id,name) VALUES (1050,92,'Swift Hatch');
INSERT INTO model(id,make_id,name) VALUES (1051,92,'Swift Sedan');
INSERT INTO model(id,make_id,name) VALUES (1052,92,'SX4');
INSERT INTO model(id,make_id,name) VALUES (1053,92,'Vitara');
INSERT INTO model(id,make_id,name) VALUES (1054,92,'Vitara Wagon');
INSERT INTO model(id,make_id,name) VALUES (1055,92,'Wagon R+');
INSERT INTO model(id,make_id,name) VALUES (1056,93,'Stark');

INSERT INTO vehicle(name, make_id, model_id, created_date, status, year) VALUES('Carro 1', 1, 1, '2022-09-16 10:00:00', 'ACTIVE', 1999);
INSERT INTO vehicle(name, make_id, model_id, created_date, status, year) VALUES('Carro 2', 2, 2, '2022-09-16 10:00:00', 'ACTIVE', 1999);
INSERT INTO vehicle(name, make_id, model_id, created_date, status, year) VALUES('Carro 3', 1, 1, '2022-09-16 10:00:00', 'ACTIVE', 2000);

INSERT INTO service(id, name, description, vehicle_id, created_date) VALUES(1, 'Oil Change', 'Full Motor Oil Change', 1, '2022-09-16 10:00:00');
INSERT INTO service(id, name, description, vehicle_id, created_date) VALUES(2, 'Oil Change', 'Full Motor Oil Change', 2, '2022-09-16 10:00:00');
INSERT INTO service(id, name, description, vehicle_id, created_date) VALUES(3, 'Filter Change', 'All filters changed', 2, '2022-09-16 10:00:00');
INSERT INTO service(id, name, description, vehicle_id, created_date) VALUES(4, 'Filter Change', 'All filters changed', 3, '2022-09-16 10:00:00');
INSERT INTO service(id, name, description, vehicle_id, created_date) VALUES(5, 'Filter Change', 'All filters changed', 1, '2022-09-16 10:00:00');
